[{"model": "admin.logentry", "pk": 1, "fields": {"action_time": "2021-10-06T16:44:39.374Z", "user": 1, "content_type": 7, "object_id": "1", "object_repr": "ediblebouquets.com", "action_flag": 2, "change_message": "[{\"changed\": {\"fields\": [\"Domain name\", \"Display name\"]}}]"}}, {"model": "admin.logentry", "pk": 2, "fields": {"action_time": "2021-10-08T08:26:51.966Z", "user": 1, "content_type": 14, "object_id": "1", "object_repr": "'Baby Girl' chocolate strawberry bouquet", "action_flag": 2, "change_message": "[{\"changed\": {\"fields\": [\"Description\", \"Size\"]}}]"}}, {"model": "admin.logentry", "pk": 3, "fields": {"action_time": "2021-10-08T08:27:05.404Z", "user": 1, "content_type": 14, "object_id": "39", "object_repr": "hot red chilly veggie bouquet", "action_flag": 2, "change_message": "[{\"changed\": {\"fields\": [\"Size\"]}}]"}}, {"model": "admin.logentry", "pk": 4, "fields": {"action_time": "2021-10-08T09:04:48.104Z", "user": 1, "content_type": 14, "object_id": "25", "object_repr": "blueberry dance fruit bouquet", "action_flag": 2, "change_message": "[{\"changed\": {\"fields\": [\"Size\", \"Image\"]}}]"}}, {"model": "admin.logentry", "pk": 5, "fields": {"action_time": "2021-10-08T09:06:11.377Z", "user": 1, "content_type": 14, "object_id": "26", "object_repr": "sunrise fruit bouquet", "action_flag": 2, "change_message": "[{\"changed\": {\"fields\": [\"Size\", \"Image\"]}}]"}}, {"model": "admin.logentry", "pk": 6, "fields": {"action_time": "2021-10-11T12:28:46.242Z", "user": 1, "content_type": 14, "object_id": "1", "object_repr": "'Baby Girl' chocolate strawberry bouquet", "action_flag": 2, "change_message": "[{\"changed\": {\"fields\": [\"Size\"]}}]"}}, {"model": "admin.logentry", "pk": 7, "fields": {"action_time": "2021-10-11T12:29:10.213Z", "user": 1, "content_type": 14, "object_id": "2", "object_repr": "'Nuts About You' sweet blooms edible bouquet", "action_flag": 2, "change_message": "[{\"changed\": {\"fields\": [\"Size\"]}}]"}}, {"model": "admin.logentry", "pk": 8, "fields": {"action_time": "2021-10-11T12:29:15.135Z", "user": 1, "content_type": 14, "object_id": "3", "object_repr": "'Pink Clouds' chocolate strawberry & donut bouquet", "action_flag": 2, "change_message": "[{\"changed\": {\"fields\": [\"Size\"]}}]"}}, {"model": "admin.logentry", "pk": 9, "fields": {"action_time": "2021-10-11T12:29:32.497Z", "user": 1, "content_type": 14, "object_id": "4", "object_repr": "'Allure Chocolate' strawberry bouquet - dark/milk", "action_flag": 2, "change_message": "[{\"changed\": {\"fields\": [\"Size\"]}}]"}}, {"model": "admin.logentry", "pk": 10, "fields": {"action_time": "2021-10-11T12:29:37.637Z", "user": 1, "content_type": 14, "object_id": "5", "object_repr": "'Allure Chocolate' strawberry bouquet - milk/ruby", "action_flag": 2, "change_message": "[{\"changed\": {\"fields\": [\"Size\"]}}]"}}, {"model": "admin.logentry", "pk": 11, "fields": {"action_time": "2021-10-11T12:29:44.971Z", "user": 1, "content_type": 14, "object_id": "6", "object_repr": "'Allure Chocolate' strawberry bouquet - milk/ruby", "action_flag": 2, "change_message": "[{\"changed\": {\"fields\": [\"Size\"]}}]"}}, {"model": "admin.logentry", "pk": 12, "fields": {"action_time": "2021-10-11T12:29:49.852Z", "user": 1, "content_type": 14, "object_id": "7", "object_repr": "'Allure Chocolate' strawberry bouquet - white/milk", "action_flag": 2, "change_message": "[{\"changed\": {\"fields\": [\"Size\"]}}]"}}, {"model": "admin.logentry", "pk": 13, "fields": {"action_time": "2021-10-11T12:29:55.139Z", "user": 1, "content_type": 14, "object_id": "8", "object_repr": "Allure Chocolate strawberry bouquet - milk", "action_flag": 2, "change_message": "[{\"changed\": {\"fields\": [\"Size\"]}}]"}}, {"model": "admin.logentry", "pk": 14, "fields": {"action_time": "2021-10-11T12:29:59.811Z", "user": 1, "content_type": 14, "object_id": "9", "object_repr": "Tim Tams & chocolate strawberry bouquet", "action_flag": 2, "change_message": "[{\"changed\": {\"fields\": [\"Size\"]}}]"}}, {"model": "admin.logentry", "pk": 15, "fields": {"action_time": "2021-10-11T12:30:05.459Z", "user": 1, "content_type": 14, "object_id": "10", "object_repr": "'baby boy' chocolate strawberry bouquet", "action_flag": 2, "change_message": "[{\"changed\": {\"fields\": [\"Size\"]}}]"}}, {"model": "admin.logentry", "pk": 16, "fields": {"action_time": "2021-10-11T12:30:10.346Z", "user": 1, "content_type": 14, "object_id": "11", "object_repr": "'sweet beat' chocolate strawberry bouquet", "action_flag": 2, "change_message": "[{\"changed\": {\"fields\": [\"Size\"]}}]"}}, {"model": "admin.logentry", "pk": 17, "fields": {"action_time": "2021-10-11T12:30:14.545Z", "user": 1, "content_type": 14, "object_id": "12", "object_repr": "'golden star' chocolate strawberry bouquet", "action_flag": 2, "change_message": "[{\"changed\": {\"fields\": [\"Size\"]}}]"}}, {"model": "admin.logentry", "pk": 18, "fields": {"action_time": "2021-10-11T12:30:20.608Z", "user": 1, "content_type": 14, "object_id": "13", "object_repr": "'donut you love me' strawberry & donut bouquet", "action_flag": 2, "change_message": "[{\"changed\": {\"fields\": [\"Size\"]}}]"}}, {"model": "admin.logentry", "pk": 19, "fields": {"action_time": "2021-10-11T12:30:25.557Z", "user": 1, "content_type": 14, "object_id": "14", "object_repr": "'oreo cookies trio' donut bouquet", "action_flag": 2, "change_message": "[{\"changed\": {\"fields\": [\"Size\"]}}]"}}, {"model": "admin.logentry", "pk": 20, "fields": {"action_time": "2021-10-11T12:30:30.298Z", "user": 1, "content_type": 14, "object_id": "15", "object_repr": "'orchids & chocolate' strawberry bouquet", "action_flag": 2, "change_message": "[{\"changed\": {\"fields\": [\"Size\"]}}]"}}, {"model": "admin.logentry", "pk": 21, "fields": {"action_time": "2021-10-11T12:30:35.543Z", "user": 1, "content_type": 14, "object_id": "16", "object_repr": "'allure bubbles' & chocolate strawberry bouquet", "action_flag": 2, "change_message": "[{\"changed\": {\"fields\": [\"Size\"]}}]"}}, {"model": "admin.logentry", "pk": 22, "fields": {"action_time": "2021-10-11T12:30:40.754Z", "user": 1, "content_type": 14, "object_id": "16", "object_repr": "'allure bubbles' & chocolate strawberry bouquet", "action_flag": 2, "change_message": "[]"}}, {"model": "admin.logentry", "pk": 23, "fields": {"action_time": "2021-10-11T12:30:45.595Z", "user": 1, "content_type": 14, "object_id": "17", "object_repr": "whisky, cold meats & cheese bouquet", "action_flag": 2, "change_message": "[{\"changed\": {\"fields\": [\"Size\"]}}]"}}, {"model": "admin.logentry", "pk": 24, "fields": {"action_time": "2021-10-11T12:30:50.392Z", "user": 1, "content_type": 14, "object_id": "18", "object_repr": "prosciutto roses meat & cheese bouque", "action_flag": 2, "change_message": "[{\"changed\": {\"fields\": [\"Size\"]}}]"}}, {"model": "admin.logentry", "pk": 25, "fields": {"action_time": "2021-10-11T12:30:56.610Z", "user": 1, "content_type": 14, "object_id": "19", "object_repr": "meat & cheese beer bouquet", "action_flag": 2, "change_message": "[{\"changed\": {\"fields\": [\"Size\"]}}]"}}, {"model": "admin.logentry", "pk": 26, "fields": {"action_time": "2021-10-11T12:31:03.778Z", "user": 1, "content_type": 14, "object_id": "20", "object_repr": "prosciutto roses meat & cheese bouquet", "action_flag": 2, "change_message": "[{\"changed\": {\"fields\": [\"Size\"]}}]"}}, {"model": "admin.logentry", "pk": 27, "fields": {"action_time": "2021-10-11T12:31:13.801Z", "user": 1, "content_type": 14, "object_id": "21", "object_repr": "prosciutto roses meat & cheese bouquet", "action_flag": 2, "change_message": "[{\"changed\": {\"fields\": [\"Size\"]}}]"}}, {"model": "admin.logentry", "pk": 28, "fields": {"action_time": "2021-10-11T12:31:18.297Z", "user": 1, "content_type": 14, "object_id": "22", "object_repr": "mini meat & cheese bouquet", "action_flag": 2, "change_message": "[{\"changed\": {\"fields\": [\"Size\"]}}]"}}, {"model": "admin.logentry", "pk": 29, "fields": {"action_time": "2021-10-11T12:31:23.088Z", "user": 1, "content_type": 14, "object_id": "23", "object_repr": "meat & cheese volcano savoury bouquet", "action_flag": 2, "change_message": "[{\"changed\": {\"fields\": [\"Size\"]}}]"}}, {"model": "admin.logentry", "pk": 30, "fields": {"action_time": "2021-10-11T12:31:27.459Z", "user": 1, "content_type": 14, "object_id": "24", "object_repr": "meringue spear fruit bouquet", "action_flag": 2, "change_message": "[{\"changed\": {\"fields\": [\"Size\"]}}]"}}, {"model": "admin.logentry", "pk": 31, "fields": {"action_time": "2021-10-11T12:31:32.565Z", "user": 1, "content_type": 14, "object_id": "27", "object_repr": "morning ray fruit bouquet", "action_flag": 2, "change_message": "[{\"changed\": {\"fields\": [\"Size\"]}}]"}}, {"model": "admin.logentry", "pk": 32, "fields": {"action_time": "2021-10-11T12:31:37.605Z", "user": 1, "content_type": 14, "object_id": "28", "object_repr": "'the secret valentine' fruit chocolate strawberry bouquet", "action_flag": 2, "change_message": "[{\"changed\": {\"fields\": [\"Size\"]}}]"}}, {"model": "admin.logentry", "pk": 33, "fields": {"action_time": "2021-10-11T12:31:42.595Z", "user": 1, "content_type": 14, "object_id": "29", "object_repr": "'fresh strawberry' fruit - roses gift basket", "action_flag": 2, "change_message": "[{\"changed\": {\"fields\": [\"Size\"]}}]"}}, {"model": "admin.logentry", "pk": 34, "fields": {"action_time": "2021-10-11T12:31:49.332Z", "user": 1, "content_type": 14, "object_id": "30", "object_repr": "guacamole veggies avocado bouquet", "action_flag": 2, "change_message": "[{\"changed\": {\"fields\": [\"Size\"]}}]"}}, {"model": "admin.logentry", "pk": 35, "fields": {"action_time": "2021-10-11T12:31:54.936Z", "user": 1, "content_type": 14, "object_id": "31", "object_repr": "tropical fruit bouquet", "action_flag": 2, "change_message": "[{\"changed\": {\"fields\": [\"Size\"]}}]"}}, {"model": "admin.logentry", "pk": 36, "fields": {"action_time": "2021-10-11T12:32:00.105Z", "user": 1, "content_type": 14, "object_id": "32", "object_repr": "rustic barn veggies bouquet", "action_flag": 2, "change_message": "[{\"changed\": {\"fields\": [\"Size\"]}}]"}}, {"model": "admin.logentry", "pk": 37, "fields": {"action_time": "2021-10-11T12:32:05.010Z", "user": 1, "content_type": 14, "object_id": "33", "object_repr": "cardinal fruit bouquet", "action_flag": 2, "change_message": "[{\"changed\": {\"fields\": [\"Size\"]}}]"}}, {"model": "admin.logentry", "pk": 38, "fields": {"action_time": "2021-10-11T12:32:10.111Z", "user": 1, "content_type": 14, "object_id": "34", "object_repr": "lady in red macarons & fruit bouquet", "action_flag": 2, "change_message": "[{\"changed\": {\"fields\": [\"Size\"]}}]"}}, {"model": "admin.logentry", "pk": 39, "fields": {"action_time": "2021-10-11T12:32:15.138Z", "user": 1, "content_type": 14, "object_id": "35", "object_repr": "lust veggies & fruit bouquet", "action_flag": 2, "change_message": "[{\"changed\": {\"fields\": [\"Size\"]}}]"}}, {"model": "admin.logentry", "pk": 40, "fields": {"action_time": "2021-10-11T12:32:20.387Z", "user": 1, "content_type": 14, "object_id": "36", "object_repr": "spring salad veggies bouquet", "action_flag": 2, "change_message": "[{\"changed\": {\"fields\": [\"Size\"]}}]"}}, {"model": "admin.logentry", "pk": 41, "fields": {"action_time": "2021-10-11T12:32:24.778Z", "user": 1, "content_type": 14, "object_id": "37", "object_repr": "italian pesto pasta savoury veggie bouquet", "action_flag": 2, "change_message": "[{\"changed\": {\"fields\": [\"Size\"]}}]"}}, {"model": "admin.logentry", "pk": 42, "fields": {"action_time": "2021-10-11T12:32:29.252Z", "user": 1, "content_type": 14, "object_id": "38", "object_repr": "glary canary veggies bouquet", "action_flag": 2, "change_message": "[{\"changed\": {\"fields\": [\"Size\"]}}]"}}, {"model": "admin.logentry", "pk": 43, "fields": {"action_time": "2021-10-11T12:32:34.225Z", "user": 1, "content_type": 14, "object_id": "25", "object_repr": "blueberry dance fruit bouquet", "action_flag": 2, "change_message": "[{\"changed\": {\"fields\": [\"Size\"]}}]"}}, {"model": "admin.logentry", "pk": 44, "fields": {"action_time": "2021-10-11T12:32:39.002Z", "user": 1, "content_type": 14, "object_id": "26", "object_repr": "sunrise fruit bouquet", "action_flag": 2, "change_message": "[{\"changed\": {\"fields\": [\"Size\"]}}]"}}, {"model": "admin.logentry", "pk": 45, "fields": {"action_time": "2021-10-11T12:32:43.155Z", "user": 1, "content_type": 14, "object_id": "39", "object_repr": "hot red chilly veggie bouquet", "action_flag": 2, "change_message": "[{\"changed\": {\"fields\": [\"Size\"]}}]"}}, {"model": "admin.logentry", "pk": 46, "fields": {"action_time": "2021-10-14T09:29:41.048Z", "user": 1, "content_type": 15, "object_id": "19", "object_repr": "1071C3F4259A405B9ABB0D0B759F21DC", "action_flag": 3, "change_message": ""}}, {"model": "admin.logentry", "pk": 47, "fields": {"action_time": "2021-10-14T09:29:41.076Z", "user": 1, "content_type": 15, "object_id": "18", "object_repr": "37EB76DA89FE41ACA4138730629883B0", "action_flag": 3, "change_message": ""}}, {"model": "admin.logentry", "pk": 48, "fields": {"action_time": "2021-10-14T09:29:41.107Z", "user": 1, "content_type": 15, "object_id": "17", "object_repr": "AE098182981D474D97BE1CB11C406B6B", "action_flag": 3, "change_message": ""}}, {"model": "admin.logentry", "pk": 49, "fields": {"action_time": "2021-10-14T09:29:41.140Z", "user": 1, "content_type": 15, "object_id": "16", "object_repr": "6C0DEB57CBBE4B7B840A293D63443AE1", "action_flag": 3, "change_message": ""}}, {"model": "admin.logentry", "pk": 50, "fields": {"action_time": "2021-10-14T09:29:41.173Z", "user": 1, "content_type": 15, "object_id": "15", "object_repr": "BB331F9162DB4807929D84CD14882AE4", "action_flag": 3, "change_message": ""}}, {"model": "admin.logentry", "pk": 51, "fields": {"action_time": "2021-10-14T09:29:41.203Z", "user": 1, "content_type": 15, "object_id": "14", "object_repr": "5F76195B992649D68014E7547E86B501", "action_flag": 3, "change_message": ""}}, {"model": "admin.logentry", "pk": 52, "fields": {"action_time": "2021-10-14T09:29:41.234Z", "user": 1, "content_type": 15, "object_id": "13", "object_repr": "D0298E9CC11C4B6FB8B0C19597C2B7E0", "action_flag": 3, "change_message": ""}}, {"model": "admin.logentry", "pk": 53, "fields": {"action_time": "2021-10-14T09:29:41.265Z", "user": 1, "content_type": 15, "object_id": "12", "object_repr": "BB5BBC94B57948058AE9682C34AE8AFC", "action_flag": 3, "change_message": ""}}, {"model": "admin.logentry", "pk": 54, "fields": {"action_time": "2021-10-14T09:29:41.298Z", "user": 1, "content_type": 15, "object_id": "11", "object_repr": "A23386378F4842C1B8F4E7E021E2A205", "action_flag": 3, "change_message": ""}}, {"model": "admin.logentry", "pk": 55, "fields": {"action_time": "2021-10-14T09:29:41.328Z", "user": 1, "content_type": 15, "object_id": "10", "object_repr": "8028BCDB8EFE4327906AF3F421351252", "action_flag": 3, "change_message": ""}}, {"model": "admin.logentry", "pk": 56, "fields": {"action_time": "2021-10-14T09:29:41.358Z", "user": 1, "content_type": 15, "object_id": "9", "object_repr": "96CB3D0701B34525B3EC6FDB15051CDA", "action_flag": 3, "change_message": ""}}, {"model": "admin.logentry", "pk": 57, "fields": {"action_time": "2021-10-14T09:29:41.391Z", "user": 1, "content_type": 15, "object_id": "8", "object_repr": "5CA2F40058FA44DE8E357DFE61AA818B", "action_flag": 3, "change_message": ""}}, {"model": "admin.logentry", "pk": 58, "fields": {"action_time": "2021-10-14T09:29:41.421Z", "user": 1, "content_type": 15, "object_id": "7", "object_repr": "AC3B460919B94A2180F77C9C2F5F6547", "action_flag": 3, "change_message": ""}}, {"model": "admin.logentry", "pk": 59, "fields": {"action_time": "2021-10-14T09:29:41.455Z", "user": 1, "content_type": 15, "object_id": "6", "object_repr": "299673B828524B19BCE373916DD7CAED", "action_flag": 3, "change_message": ""}}, {"model": "admin.logentry", "pk": 60, "fields": {"action_time": "2021-10-14T09:29:41.492Z", "user": 1, "content_type": 15, "object_id": "5", "object_repr": "5D77F3B97266447E8C8C7A0583F4FD6E", "action_flag": 3, "change_message": ""}}, {"model": "admin.logentry", "pk": 61, "fields": {"action_time": "2021-10-14T09:29:41.522Z", "user": 1, "content_type": 15, "object_id": "4", "object_repr": "DCDEE902B366450993E544F0460EC3B2", "action_flag": 3, "change_message": ""}}, {"model": "admin.logentry", "pk": 62, "fields": {"action_time": "2021-10-14T09:29:41.551Z", "user": 1, "content_type": 15, "object_id": "3", "object_repr": "387DBB98633146688807BDA5804E6A16", "action_flag": 3, "change_message": ""}}, {"model": "admin.logentry", "pk": 63, "fields": {"action_time": "2021-10-14T09:29:41.581Z", "user": 1, "content_type": 15, "object_id": "2", "object_repr": "F25E9854944B4B8BA52F4F8BE851E6BE", "action_flag": 3, "change_message": ""}}, {"model": "admin.logentry", "pk": 64, "fields": {"action_time": "2021-10-14T09:29:41.613Z", "user": 1, "content_type": 15, "object_id": "1", "object_repr": "15FCAAB788D0437C872F8A8C86CBC495", "action_flag": 3, "change_message": ""}}, {"model": "auth.user", "pk": 1, "fields": {"password": "pbkdf2_sha256$260000$tajFRrlwlPidXLKAArwSTw$ZRtJ1qr9H8OEvckABnpAjLl+M8DR3Ef1ed7RRmPVN98=", "last_login": "2021-10-14T12:24:27.694Z", "is_superuser": true, "username": "kpokc", "first_name": "", "last_name": "", "email": "summerloafers@gmail.com", "is_staff": true, "is_active": true, "date_joined": "2021-10-06T16:07:59.020Z", "groups": [], "user_permissions": []}}, {"model": "auth.user", "pk": 2, "fields": {"password": "pbkdf2_sha256$260000$w0XeYpiKHrQ0IY4vlkfgbD$XtZl5Q/9XXyQZOIJA1dfXaPMhBn96bVU7/2YM17Xf2Y=", "last_login": "2021-10-13T16:21:20.842Z", "is_superuser": false, "username": "Kpok", "first_name": "", "last_name": "", "email": "test@gmail.com", "is_staff": false, "is_active": true, "date_joined": "2021-10-13T16:19:50.479Z", "groups": [], "user_permissions": []}}, {"model": "sessions.session", "pk": "149zutq8k6f1elmpdm157u5ud0h6btri", "fields": {"session_data": "eyJiYWciOnsiMSI6MX19:1mZqF7:MFu4P69owYXLWeWouFyDRQCnw4IpgFJ93AzStVYLKkk", "expire_date": "2021-10-25T08:01:05.072Z"}}, {"model": "sessions.session", "pk": "284xr5rclr9vzoqk9ywbeqm66od581ta", "fields": {"session_data": ".eJyrVkpKTFeyqlYyAhGZJam5xfFJlfHFmVWpIIHi3MScHCUrQx2l3NSUzNJcILO2VkfJEK_iWiAAAA_pHdg:1mZuVM:Mubzi_J5VlBBXvqAcXcMZoi6yuQdjeijd9_AuFAe9TQ", "expire_date": "2021-10-25T12:34:08.297Z"}}, {"model": "sessions.session", "pk": "35i7sa5aqpzxlpndhvzth2z9v2ajjjd9", "fields": {"session_data": ".eJyFTs0OwiAMfpeelwUIDLKbvgihWBxRp7Es8Sd7d8F40JM9NO331z7Bh6VMfmG6-ryDESR03xiGeKC5EeF4bHAfYjwvc-nfmg_N_aZuNJccQ8nneftx_URNgaeag3qnBmucSqidVkmQIEyDqZNEK63CpE2yVhuRIjkcYnJUOZlMLWFaKBNzPePpdsnXO4yiAwx7GJ-gWsuFTuzx7jk_qAF8qt_DKNe1A-n-SNb1BblhXT8:1mb1cR:RxYTyvRxPuDezaKR1ICtYzloy6Xl1YdIN4_IzhmnKOA", "expire_date": "2021-10-28T14:22:03.126Z"}}, {"model": "sessions.session", "pk": "538hu192tgqafli3ceb39h3j0rq8u4kn", "fields": {"session_data": "eyJiYWciOnsiMiI6eyJpdGVtc19ieV9zaXplIjp7InNtYWxsIjoxfX19fQ:1maD2c:JvxNTCANSwHWTvMz63QxW62NEsjOjIa3roi6ziWmeFw", "expire_date": "2021-10-26T08:21:42.467Z"}}, {"model": "sessions.session", "pk": "dvmck9na4q7kqab1i0wo1lgdya4g7zup", "fields": {"session_data": ".eJxVjsFqwzAMhl_F6LJLCE6w49Db9gy7NcXIrhx7bWyI7cEYe_c5oztUIJD-X_r4vyHjJ-kQXYJT2St1oLEWr2umXYcrnGCAJ82gvVE8DLzfD7lHa1ONpf-7edi5f20bxRIslpDi2-PrCeUx-8Yx4jpOSs6jM2IWo-PEybhJtmkwalCjcUI6pYTkztJsJutmat7gZCsuD-hGOeNKueHO5wW0_sgp_qsLdIx3TLRe4N3TTi-ZxVR8iCsLkX2lujODK8PCWmi2pa0lX-BygZ9fJShgXw:1maaDZ:J2lrGc5hXDuWuVqVEUIVPUJ5ynoCXDUQiqKjvSQYzns", "expire_date": "2021-10-27T09:06:33.766Z"}}, {"model": "sessions.session", "pk": "e56vsdv4527nq3b81xjyos7bc7xe8304", "fields": {"session_data": "eyJiYWciOnsiMSI6eyJpdGVtc19ieV9zaXplIjp7InNtYWxsIjoxfX19fQ:1maD1e:BMQyZkBCV2hL7iDK3bHTtmN2v1Ru5YHhhPH0o5GZpvw", "expire_date": "2021-10-26T08:20:42.002Z"}}, {"model": "sessions.session", "pk": "fdnfgl0opr7zbw80ku5czl0k54whc6r9", "fields": {"session_data": ".eJxVjUtuhDAMhq9CvY5QiBJA2bUn6H4YRUlwhrQ8KhyqTkfcvaFiM17Z3__wA8h-o4lzWEAHOxIycPYG-gECtGAg-bHHhBMZdzcUf_EANNlxBF3t-87A2C0NZiNcTexBQwVPzFn_ifMh5MyBS-v9ss2p_PecMpWv-cI5RW9TXOa3M_VUNVgaco-Tvagb1YrgZCtF4MjRhVrlrXJN1QgXpApNIxUPHltX-9Bi1qqg8nB1lBIS5TcGf77iegfNM5syszek_OJy6cCYD8qOk3bACs4KoVjRwfu69JtPRY8jJuxfOrheYf8DilpubA:1mazed:Ke2RYoT4S4ibtC24NQ1cqwhqSEBHIERiLDUhdVMcG-8", "expire_date": "2021-10-28T12:16:11.835Z"}}, {"model": "sessions.session", "pk": "gcdvzhwj2gs3xpaeqzedn2j1lolk0wmy", "fields": {"session_data": "eyJiYWciOnsiMSI6eyJpdGVtc19ieV9zaXplIjp7InNtYWxsIjoxfX19fQ:1maDzt:h51FDMJ687z6wlMS2-0L7WYxQGNpNlNFgnZfBrDJ1bo", "expire_date": "2021-10-26T09:22:57.583Z"}}, {"model": "sessions.session", "pk": "i3qb24wlrl1oz3r7lrljtcyuhmzqqblv", "fields": {"session_data": "eyJiYWciOnt9fQ:1magSw:81JwoFI-4xyOsfLA4zPwgGjXKg1FIVjoeMRjpHIEgwg", "expire_date": "2021-10-27T15:46:50.197Z"}}, {"model": "sessions.session", "pk": "iuoqa0jd4wn11b1qlly2nbhbfydvvcmx", "fields": {"session_data": "eyJiYWciOnsiMSI6MiwiMyI6MTN9fQ:1mZqVL:J799JjTsRVWEX-Lwc72Y5d6qE_SRwcF80PXJNq4Bcso", "expire_date": "2021-10-25T08:17:51.271Z"}}, {"model": "sessions.session", "pk": "k4q4dq5afc1az4indor9gu7vf96nqyw6", "fields": {"session_data": ".eJxVjcEKwyAMht_F8ygqWqW37UXE2ARlxY5qoWPs3aejhy2n5P-SLy_m_F6j2wtuLs1sYoJdfjPw4Y65A78sPR58COue6_DdOXEZrm3CXFPwNa35dl79qaIvsXlAzXI02koCZZUkjhyBRt06AUYYCaQ0GaM0p4AWxkAWGxOkW3HdpQVLaW8cHo-0PdnE3x-ykUNY:1mah1W:GwNNRjepfHYNlqy3wxC3PUeO_cQ-3awVAqlM_cTZozE", "expire_date": "2021-10-27T16:22:34.995Z"}}, {"model": "sessions.session", "pk": "l3dban8o4royidat03omsprb7wlh4rzu", "fields": {"session_data": "eyJiYWciOnsiMSI6eyJpdGVtc19ieV9zaXplIjp7InNtYWxsIjo0fX19fQ:1maDB6:Sl9sDkCbEfEFNRU70C4b_Z366GdCEdG169MIlyrPoks", "expire_date": "2021-10-26T08:30:28.510Z"}}, {"model": "sessions.session", "pk": "lmwh8gwk2l2fkzlflrl1rmtwjusl12m9", "fields": {"session_data": "e30:1magT8:BAusKEG4qSYvV9XhL9ovO8PnJuA15jAqRrxiryM-V08", "expire_date": "2021-10-27T15:47:02.854Z"}}, {"model": "sessions.session", "pk": "m5qbdl7wncydigz5l2aufjcouhy40qrm", "fields": {"session_data": "eyJiYWciOnsiNCI6eyJpdGVtc19ieV9zaXplIjp7InNtYWxsIjoxfX19fQ:1maCzw:rHyrXnRPrf7UK5nIYWhoGfVnYCV24Db7Q9FgF2s_Xvw", "expire_date": "2021-10-26T08:18:56.092Z"}}, {"model": "sessions.session", "pk": "npmbfnujiyp5c3jpxwji4yq5d6gfyc5c", "fields": {"session_data": "eyJzYXZlX2luZm8iOmZhbHNlLCJiYWciOnt9fQ:1maeXU:zFeYcmbi5vnmrM_G_VUQ-wFnlPMvmAzXIPR3CB2U8b8", "expire_date": "2021-10-27T13:43:24.103Z"}}, {"model": "sessions.session", "pk": "orwxl562ws57b7dqxsv1bp50vcdcp97s", "fields": {"session_data": "eyJiYWciOnsiMSI6MSwiMyI6MSwiMiI6MX19:1mZt7S:xFiICGnwhd2n0rQsJT5bqpDPeds9R9FXSIK6dgPAHpM", "expire_date": "2021-10-25T11:05:22.784Z"}}, {"model": "sessions.session", "pk": "our8ruv8nf8wrobww9npl22cdnya4u59", "fields": {"session_data": "e30:1magpq:Wt_QhPdTen_s5NPD07mvd8CbmxwE3tAujYk9gkpSzCY", "expire_date": "2021-10-27T16:10:30.941Z"}}, {"model": "sessions.session", "pk": "sgniupl4ab9ks6o7liks9u49ae151hiy", "fields": {"session_data": "eyJiYWciOnsiMSI6eyJpdGVtc19ieV9zaXplIjp7InNtYWxsIjoyfX19fQ:1maCyw:3KPePng3m2GaIboVdRz4_lUpG1pfbbhBFc5TWlzquxw", "expire_date": "2021-10-26T08:17:54.312Z"}}, {"model": "sessions.session", "pk": "tegu6tt9u40b112p53wisplg268qo7hh", "fields": {"session_data": ".eJyrVkpKTFeyqlYyBBGZJam5xfFJlfHFmVWpIIGcxKJ0IMNIR6k4NzEnR8nKsLZWR8kIq1qoClMdJF25qSmZpblAwVogAACLCiOu:1mZuls:9WiT1Gx8OvDetD7JpW3rjgmO35a4LThDecjl84l3bZs", "expire_date": "2021-10-25T12:51:12.583Z"}}, {"model": "sessions.session", "pk": "yf5zec8hjjse9aqbiwc2jl45ge2izgxu", "fields": {"session_data": "eyJfbWVzc2FnZXMiOiJbW1wiX19qc29uX21lc3NhZ2VcIiwgMCwgNDAsIFwiVGhlcmUncyBub3RoaW5nIGluIHlvdXIgYmFnIGF0IHRoZSBtb21lbnRcIl1dIn0:1maE8t:5D6vQlyeiXEnSJ-NrbVFI8hC63Wlmb5PEMYSGr45C0U", "expire_date": "2021-10-26T09:32:15.990Z"}}, {"model": "sites.site", "pk": 1, "fields": {"domain": "ediblebouquets.com", "name": "Edible Bouquets"}}, {"model": "account.emailaddress", "pk": 1, "fields": {"user": 1, "email": "summerloafers@gmail.com", "verified": true, "primary": true}}, {"model": "account.emailaddress", "pk": 2, "fields": {"user": 2, "email": "test@gmail.com", "verified": true, "primary": true}}, {"model": "products.category", "pk": 1, "fields": {"name": "chocolate", "friendly_name": "Chocolate Bouquets"}}, {"model": "products.category", "pk": 2, "fields": {"name": "meet_cheese", "friendly_name": "Meet & Cheese"}}, {"model": "products.category", "pk": 3, "fields": {"name": "veggies_fruits", "friendly_name": "Veggies & Fruits"}}, {"model": "products.product", "pk": 1, "fields": {"category": 1, "sku": "pp0000000001", "name": "'Baby Girl' chocolate strawberry bouquet", "description": "1 dozen (12 pieces) of Strawberries double covered in finest Belgium 'Callebaut' Chocolate + Ferrero Roches and Tim Tams", "price": "45.00", "rating": "4.60", "size": true, "image": "baby_girl_600x.png"}}, {"model": "products.product", "pk": 2, "fields": {"category": 1, "sku": "pp0000000002", "name": "'Nuts About You' sweet blooms edible bouquet", "description": "2 dozen (24 pieces) of Strawberries double covered in finest Belgium 'Callebaut' Chocolate + 4 Roasted Almond Meringues + Ferrero Roches and Tim Tams + Marshmallows", "price": "55.00", "rating": "4.30", "size": true, "image": "NutsAboutYou_SweetBloomsEdibleBouquet9_3_600x.png"}}, {"model": "products.product", "pk": 3, "fields": {"category": 1, "sku": "pp0000000003", "name": "'Pink Clouds' chocolate strawberry & donut bouquet", "description": "1 dozen (12 pieces) of Strawberries double covered in finest Belgium 'Callebaut' Chocolate + Marshmallows + 6 Cloud Soft Chocolate covered and decorated Nutella & Caramel filled Donuts + Ferrero Rocher + Watermelon Sugar Crystals Stick", "price": "55.00", "rating": "4.10", "size": true, "image": "PinkCloudsChocolateStrawberries_DonutsBouquet1_600x.png"}}, {"model": "products.product", "pk": 4, "fields": {"category": 1, "sku": "pp0000000004", "name": "'Allure Chocolate' strawberry bouquet - dark/milk", "description": "Fresh Strawberries double covered in finest Belgium 'Callebaut' Chocolate:  2 dozen (24 pieces) for Medium + Ferrero Rocher + Marshmallows", "price": "65.00", "rating": "4.10", "size": true, "image": "Allure_ChocolateBloomsEdibleBouquet26_600x.png"}}, {"model": "products.product", "pk": 5, "fields": {"category": 1, "sku": "pp0000000005", "name": "'Allure Chocolate' strawberry bouquet - milk/ruby", "description": "Fresh Strawberries double covered in finest Belgium 'Callebaut' Chocolate:   2 dozen (24 pieces) for Medium + Ferrero Rocher + Marshmallows + Cut Flowers (with water supply)", "price": "65.00", "rating": "4.20", "size": true, "image": "Allure_ChocolateBloomsEdibleBouquet34_600x.png"}}, {"model": "products.product", "pk": 6, "fields": {"category": 1, "sku": "pp0000000006", "name": "'Allure Chocolate' strawberry bouquet - milk/ruby", "description": "Fresh Strawberries double covered in finest Belgium 'Callebaut' Chocolate:   2 dozen (24 pieces) for Medium + Ferrero Rocher + Marshmallows + Cut Flowers (with water supply)", "price": "35.00", "rating": "3.90", "size": true, "image": "Allure_ChocolateBloomsEdibleBouquet34_600x.png"}}, {"model": "products.product", "pk": 7, "fields": {"category": 1, "sku": "pp0000000007", "name": "'Allure Chocolate' strawberry bouquet - white/milk", "description": "Fresh Strawberries double covered in finest Belgium 'Callebaut' Chocolate:   2 dozen (24 pieces) for Medium + Ferrero Rocher + Marshmallows + Cut Flowers (with water supply)", "price": "37.00", "rating": "4.10", "size": true, "image": "Allure_ChocolateBloomsEdibleBouquet3_600x.png"}}, {"model": "products.product", "pk": 8, "fields": {"category": 1, "sku": "pp0000000008", "name": "Allure Chocolate strawberry bouquet - milk", "description": "Juicy strawberries covered in finest Belgium chocolate, Ferrero Rochers and Australian favourite Tim Tams.", "price": "38.00", "rating": "3.50", "size": true, "image": "Allure_ChocolateBloomsEdibleBouquet14_1_600x.png"}}, {"model": "products.product", "pk": 9, "fields": {"category": 1, "sku": "pp0000000009", "name": "Tim Tams & chocolate strawberry bouquet", "description": "1 dozen (12 pieces) of Strawberries double covered in finest Belgium 'Callebaut' Chocolate + Ferrero Roches and Tim Tams.", "price": "38.00", "rating": "3.90", "size": true, "image": "strawberri_fairy_600x.png"}}, {"model": "products.product", "pk": 10, "fields": {"category": 1, "sku": "pp0000000010", "name": "'baby boy' chocolate strawberry bouquet", "description": "1 dozen (12 pieces) of Strawberries double covered in finest Belgium 'Callebaut' Chocolate + Ferrero Roches and Tim Tams.", "price": "38.00", "rating": "4.70", "size": true, "image": "baby_boy_600x.png"}}, {"model": "products.product", "pk": 11, "fields": {"category": 1, "sku": "pp0000000011", "name": "'sweet beat' chocolate strawberry bouquet", "description": "Around 3 dozens of juicy strawberries covered in finest Belgium chocolate and juicy cherries or blueberries. Cloud melting marshmallows and various flavour waffles, Ferrero Rocher, and Australian favourite Tim Tams cookies in a delicious combination of this Edible Bouquet.", "price": "38.00", "rating": "4.40", "size": true, "image": "SweetBeat_ChocolateStrawberries_Cherries_Blueberries-EdibleBouquet1_600x.png"}}, {"model": "products.product", "pk": 12, "fields": {"category": 1, "sku": "pp0000000012", "name": "'golden star' chocolate strawberry bouquet", "description": "Hand-selected Strawberries double covered in finest Belgium Chocolate with 24K Gold Sprinkles, crispy Tim Tams, and heavenly crunchy Ferrero Roches ...", "price": "38.00", "rating": "4.40", "size": true, "image": "golden_star_600x.png"}}, {"model": "products.product", "pk": 13, "fields": {"category": 1, "sku": "pp0000000013", "name": "'donut you love me' strawberry & donut bouquet", "description": "1 dozen (12 pieces) Strawberries and 6 Donuts double covered in finest Belgium 'Callebaut' Chocolate + Marshmallows + Ferrero Roches.", "price": "38.00", "rating": "4.40", "size": true, "image": "DonutYouLovemeBouquets2_1_600x.png"}}, {"model": "products.product", "pk": 14, "fields": {"category": 1, "sku": "pp0000000014", "name": "'oreo cookies trio' donut bouquet", "description": "1 dozen (12 pieces) Strawberries and 6 Donuts double covered in finest Belgium 'Callebaut' Chocolate and Oreo Cookies + Marshmallows + Ferrero Roches.", "price": "43.00", "rating": "4.10", "size": true, "image": "OreoTrioDonutChocolateBouquet1_98398872-7e26-453b-be24-fc3857cd1dbd_600x.png"}}, {"model": "products.product", "pk": 15, "fields": {"category": 1, "sku": "pp0000000015", "name": "'orchids & chocolate' strawberry bouquet", "description": "2 dozen (24 pieces) of Strawberries double covered in finest Belgium 'Callebaut' Chocolate + Flowers (with water supply)", "price": "42.50", "rating": "4.10", "size": true, "image": "ChocolateStrawberries_Orchids1_600x.png"}}, {"model": "products.product", "pk": 16, "fields": {"category": 1, "sku": "pp0000000016", "name": "'allure bubbles' & chocolate strawberry bouquet", "description": "Fresh Strawberries double covered in finest Belgium 'Callebaut' Chocolate:  2 dozen (24 pieces) for Medium and 3 dozen (36 pieces) for Large Size + Seasonal Berries: raspberries / blackberries / blueberries /cherries) + Marshmallows + Ferrero Rocher.", "price": "37.00", "rating": "4.10", "size": true, "image": "Allure_ChocolateBlooms_Bubbles2_600x.png"}}, {"model": "products.product", "pk": 17, "fields": {"category": 2, "sku": "pp0000000017", "name": "whisky, cold meats & cheese bouquet", "description": "This Meat & Cheese Bouquet is filled with Fine Foods from Barossa and Adelaide Hills: Prosciutto & Salami Roses, Almonds & Walnuts, crunchy & salty Pretzels, Cheese in wax shell, and an assortment of other local cold meats with a mini bottle of Whisky. This is a great alternative for a man who has everything.", "price": "59.99", "rating": "4.10", "size": true, "image": "Whisky_ColdMeats_CheeseBunch1_1_700x.png"}}, {"model": "products.product", "pk": 18, "fields": {"category": 2, "sku": "pp0000000018", "name": "prosciutto roses meat & cheese bouque", "description": "This Meat & Cheese Bouquet is filled with Fine Foods from Barossa and Adelaide Hills: Prosciutto & Salami Roses, Almonds & Walnuts, crunchy & salty Pretzels, Cheese in wax shell, and an assortment of other local cold meats. This is a great alternative for a man who has everything.", "price": "39.00", "rating": "4.10", "size": true, "image": "ProsciuttoRosesMeat_CheeseBouquetlarge5_600x.png"}}, {"model": "products.product", "pk": 19, "fields": {"category": 2, "sku": "pp0000000019", "name": "meat & cheese beer bouquet", "description": "This Meat & Cheese Bouquet is filled with Fine Foods from Barossa and Adelaide Hills: Prosciutto & Salami Roses, Almonds & Walnuts, crunchy & salty Pretzels, Cheese in wax shell, and an assortment of other local cold meats with a bottle of Craft Beer. This is a great alternative for a man who has everything.", "price": "37.30", "rating": "3.80", "size": true, "image": "Beer_Meat_CheeseLunchBunchsmall2_600x.png"}}, {"model": "products.product", "pk": 20, "fields": {"category": 2, "sku": "pp0000000020", "name": "prosciutto roses meat & cheese bouquet", "description": "This Meat & Cheese Bouquet is filled with Fine Foods from Barossa and Adelaide Hills: Prosciutto & Salami Roses, Almonds & Walnuts, crunchy & salty Pretzels, Cheese in wax shell, and an assortment of other local cold meats. This is a great alternative for a man who has everything.", "price": "48.30", "rating": "4.80", "size": true, "image": "ProsciuttoRosesMeat_CheeseBouquetsmall1_600x.png"}}, {"model": "products.product", "pk": 21, "fields": {"category": 2, "sku": "pp0000000021", "name": "prosciutto roses meat & cheese bouquet", "description": "This Meat & Cheese Bouquet is filled with Fine Foods from Barossa and Adelaide Hills: Prosciutto & Salami Roses, Almonds & Walnuts, crunchy & salty Pretzels, Cheese in wax shell, and an assortment of other local cold meats. This is a great alternative for a man who has everything.", "price": "48.30", "rating": "4.20", "size": true, "image": "ProsciuttoRosesMeat_CheeseBouquetmedium1_600x.png"}}, {"model": "products.product", "pk": 22, "fields": {"category": 2, "sku": "pp0000000022", "name": "mini meat & cheese bouquet", "description": "Meat & Cheese Mini Grazing Bunches are easy to handle and transport using a standard size cool bag.", "price": "38.30", "rating": "3.20", "size": true, "image": "mini_meat_600x.png"}}, {"model": "products.product", "pk": 23, "fields": {"category": 2, "sku": "pp0000000023", "name": "meat & cheese volcano savoury bouquet", "description": "It's full of life with an amazing combination of aromas, coming from the variety of meats, cheeses and crispy breadsticks. We use a mix of Barossa's finest sausages, salamis and cheeses and Australian nuts.", "price": "37.30", "rating": "3.70", "size": true, "image": "meat_1_600x.png"}}, {"model": "products.product", "pk": 24, "fields": {"category": 3, "sku": "pp0000000024", "name": "meringue spear fruit bouquet", "description": "Pomegranate  + Mini meringues + Flowers + Strawberries and Blueberries. Various chocolate bars and Plums/Nectarines/Peaches/Lime/Kiwi.", "price": "47.30", "rating": "4.70", "size": true, "image": "meringue_spear_600x.png"}}, {"model": "products.product", "pk": 25, "fields": {"category": 3, "sku": "pp0000000025", "name": "blueberry dance fruit bouquet", "description": "Pomegranate  + Avocado + Flowers + Strawberries and Blueberries. Grapes/Cherries and Plums/Apples/Nectarines/Peaches/Lime/Kiwi/Orange.", "price": "45.30", "rating": "4.50", "size": true, "image": "blueberry_dance_600x_NxoLL2l.png"}}, {"model": "products.product", "pk": 26, "fields": {"category": 3, "sku": "pp0000000026", "name": "sunrise fruit bouquet", "description": "This Lunch Bunch contains cut open citrus and flowers, the aroma of this combination is irresistible! A few strawberries, apples, nectarines pears or other healthy favourites to complete the bunch and WoW!", "price": "45.30", "rating": "4.40", "size": true, "image": "sunrise_600x_B9ckEiw.png"}}, {"model": "products.product", "pk": 27, "fields": {"category": 3, "sku": "pp0000000027", "name": "morning ray fruit bouquet", "description": "Apples  + Lime and Lemon + Flowers. Grapes back/green and Plums/Kiwi", "price": "45.30", "rating": "4.40", "size": true, "image": "morning_ray_600x.png"}}, {"model": "products.product", "pk": 28, "fields": {"category": 3, "sku": "pp0000000028", "name": "'the secret valentine' fruit chocolate strawberry bouquet", "description": "Pomegranate + Blackberries/Blueberries/Strawberries and Chocolate covered strawberries.", "price": "42.30", "rating": "4.20", "size": true, "image": "secret_valentine_600x.png"}}, {"model": "products.product", "pk": 29, "fields": {"category": 3, "sku": "pp0000000029", "name": "'fresh strawberry' fruit - roses gift basket", "description": "Nothing beats that divine smell combination of strawberries and fresh cut roses. Flowers have its own water supply. This arrangement could be stored in a fridge. Easy to transport, this basket will be cellophane wrapped with our branded ribbon for the best presentation.", "price": "37.30", "rating": "3.70", "size": true, "image": "naked_berries_L_600x.png"}}, {"model": "products.product", "pk": 30, "fields": {"category": 3, "sku": "pp0000000030", "name": "guacamole veggies avocado bouquet", "description": "Avocados + Parsley/Coriander. Chillies Red/Green and Onions White/Brown. Along with Garlic and Cherry tomatoes.", "price": "37.30", "rating": "4.10", "size": true, "image": "avo_600x.png"}}, {"model": "products.product", "pk": 31, "fields": {"category": 3, "sku": "pp0000000031", "name": "tropical fruit bouquet", "description": "Ladyfinger bananas.  Avocado  + Mint. Flowers. Strawberries/Cherries and Plums/Apples/Nectarines/Peaches/Lime/Kiwi.", "price": "37.30", "rating": "4.10", "size": true, "image": "tropical_600x.png"}}, {"model": "products.product", "pk": 32, "fields": {"category": 3, "sku": "pp0000000032", "name": "rustic barn veggies bouquet", "description": "Combination of gold, red and white onions, white and lilac garlic, dried wheat stalks, walnuts, bat leaves.  Gold/brown wrapping.", "price": "36.30", "rating": "4.10", "size": true, "image": "rustic_600x.png"}}, {"model": "products.product", "pk": 33, "fields": {"category": 3, "sku": "pp0000000033", "name": "cardinal fruit bouquet", "description": "This Lunch Bunch contains cut open citrus and flowers, the aroma of this combination is irresistible! A few strawberries, apples, nectarines pears or other healthy favourites to complete the bunch and WoW!", "price": "32.35", "rating": "4.00", "size": true, "image": "cardinal_600x.png"}}, {"model": "products.product", "pk": 34, "fields": {"category": 3, "sku": "pp0000000034", "name": "lady in red macarons & fruit bouquet", "description": "Pomegranate + Blackberries/Blueberries/Strawberries and Chocolate covered strawberries.", "price": "43.35", "rating": "4.25", "size": true, "image": "lady_in_red_600x.png"}}, {"model": "products.product", "pk": 35, "fields": {"category": 3, "sku": "pp0000000035", "name": "lust veggies & fruit bouquet", "description": "Avocados + Pomegranate + Mint. Flowers. Strawberries/Cherries and Plums/Apples/Nectarines/Peaches/Lime/Kiwi.", "price": "43.35", "rating": "4.25", "size": true, "image": "lust_600x.png"}}, {"model": "products.product", "pk": 36, "fields": {"category": 3, "sku": "pp0000000036", "name": "spring salad veggies bouquet", "description": "Beetroots + Apples . Green snow peas and Eggplants. Redis + Broccoli and Garlic/Capsicum/Onion.", "price": "63.35", "rating": "4.75", "size": true, "image": "veggies_600x.png"}}, {"model": "products.product", "pk": 37, "fields": {"category": 3, "sku": "pp0000000037", "name": "italian pesto pasta savoury veggie bouquet", "description": "Nested Tagliatelle, mushrooms, basil/parsley, cherry tomatoes, zucchini, broccoli and jar of best Italian Pesto Paste in this Edible LunchBunch, wouldn't it be the best gift to send to an Italian friend?", "price": "60.00", "rating": "4.75", "size": true, "image": "ItalianPestoPastaSavouryBouquet2_600x.png"}}, {"model": "products.product", "pk": 38, "fields": {"category": 3, "sku": "pp0000000038", "name": "glary canary veggies bouquet", "description": "Yellow cherry tomatoes, Spring onion, Mint, Red tomatoes, Apples/pears, Orange, Brown/white onions.", "price": "60.00", "rating": "4.75", "size": true, "image": "canary_600x.png"}}, {"model": "products.product", "pk": 39, "fields": {"category": 3, "sku": "pp0000000039", "name": "hot red chilly veggie bouquet", "description": "Chilly and lime + big red sweet pepper.", "price": "27.00", "rating": "4.60", "size": true, "image": "chilli_600x.png"}}, {"model": "checkout.order", "pk": 20, "fields": {"order_number": "47BE3611F47341ED8CBC29B8A3A49E56", "user_profile": null, "full_name": "Pavels Makarovs", "email": "pavmakarovs@gmail.com", "phone_number": "+353862058272", "country": "IE", "postcode": "H91 HP4F", "town_or_city": "Galway", "street_address1": "108 Túr Uisce", "street_address2": "Doughiska", "county": "Galway", "date": "2021-10-14T09:45:20.549Z", "delivery_cost": "0.00", "order_total": "55.00", "grand_total": "55.00", "original_bag": "{\"3\": {\"items_by_size\": {\"small\": 1}}}", "stripe_pid": "pi_3JkQUiGTC1vx7XHr1XaDD1wk"}}, {"model": "checkout.order", "pk": 21, "fields": {"order_number": "071E5FFDF8D743E4AE4FD6925DB39CAC", "user_profile": null, "full_name": "test", "email": "test@gmail.com", "phone_number": "0555555555", "country": "IE", "postcode": "342244", "town_or_city": "Galway", "street_address1": "Túr Uisce", "street_address2": "Doughiska", "county": "Galway", "date": "2021-10-14T09:49:08.380Z", "delivery_cost": "0.00", "order_total": "55.00", "grand_total": "55.00", "original_bag": "{\"2\": {\"items_by_size\": {\"small\": 1}}}", "stripe_pid": "pi_3JkQYRGTC1vx7XHr07qvFtom"}}, {"model": "checkout.order", "pk": 22, "fields": {"order_number": "9D12626FEB414CAE8CD43BC0A8E339DD", "user_profile": null, "full_name": "test", "email": "test@gmail.com", "phone_number": "0555555555", "country": "IE", "postcode": "342244", "town_or_city": "Galway", "street_address1": "Túr Uisce", "street_address2": "Doughiska", "county": "Galway", "date": "2021-10-14T09:53:27.860Z", "delivery_cost": "0.00", "order_total": "55.00", "grand_total": "55.00", "original_bag": "{\"2\": {\"items_by_size\": {\"small\": 1}}}", "stripe_pid": "pi_3JkQcaGTC1vx7XHr1PgxBQb5"}}, {"model": "checkout.orderlineitem", "pk": 23, "fields": {"order": 20, "product": 3, "size": "small", "quantity": 1, "lineitem_total": "55.00"}}, {"model": "checkout.orderlineitem", "pk": 24, "fields": {"order": 21, "product": 2, "size": "small", "quantity": 1, "lineitem_total": "55.00"}}, {"model": "checkout.orderlineitem", "pk": 25, "fields": {"order": 22, "product": 2, "size": "small", "quantity": 1, "lineitem_total": "55.00"}}, {"model": "profiles.userprofile", "pk": 1, "fields": {"user": 1, "default_phone_number": "0111111111", "default_street_address1": "Túr Uisce", "default_street_address2": "Doughiska", "default_town_or_city": "Galway", "default_county": "Galway", "default_postcode": "342244", "default_country": "IE"}}, {"model": "profiles.userprofile", "pk": 2, "fields": {"user": 2, "default_phone_number": null, "default_street_address1": null, "default_street_address2": null, "default_town_or_city": null, "default_county": null, "default_postcode": null, "default_country": null}}]